year,state,pixel_count,sum_mapped_evi,density
2000,AL,3046,77953.0,0.39372190514672456
2000,AR,3518,88203.0,0.38572178248130495
2000,AZ,7954,-213730.0,-0.41339625925997564
2000,CA,10494,-109405.0,-0.16039201888258492
2000,CO,7903,-61593.0,-0.1199018873066703
2000,CT,280,8819.0,0.48456043956043954
2000,DE,110,3682.0,0.514965034965035
2000,FL,2144,31936.0,0.22916188289322617
2000,GA,3903,93652.0,0.3691519344094286
2000,IA,4729,154594.0,0.5029328041381329
2000,ID,7316,-46807.0,-0.0984291542246709
2000,IL,4303,144517.0,0.516694971308032
2000,IN,2876,97802.0,0.5231732106558254
2000,KS,6126,26952.0,0.0676862804188955
2000,KY,2963,104580.0,0.5430047509021522
2000,LA,2095,41071.0,0.3016045529649348
2000,MA,572,18489.0,0.49728348574502423
2000,MD,633,17491.0,0.4251063312674687
2000,ME,3097,97334.0,0.4835150642060555
2000,MI,5726,139391.0,0.3745157043445552
2000,MN,8336,202826.0,0.3743282149712092
2000,MO,5726,179417.0,0.48205755125070526
2000,MS,3148,76659.0,0.3746407975759945
2000,MT,15179,-137773.0,-0.1396392789633451
2000,NC,3021,85725.0,0.4365594683370254
2000,ND,7443,77285.0,0.15974741367728065
2000,NE,6509,37313.0,0.08819267995792808
2000,NH,871,31710.0,0.5600989137154464
2000,NJ,458,11167.0,0.37510917030567686
2000,NM,8547,-189918.0,-0.34185274185274184
2000,NV,9031,-301157.0,-0.5130311831895267
2000,NY,4367,156370.0,0.5508798506279614
2000,OH,3441,122122.0,0.5460040685847137
2000,OK,5085,45850.0,0.1387187050903865
2000,OR,9121,-56092.0,-0.09461175815742201
2000,PA,3894,142299.0,0.562202204575086
2000,RI,61,1798.0,0.45346784363177806
2000,SC,1976,45797.0,0.3565633758953597
2000,SD,7561,43852.0,0.08922710671156645
2000,TN,3368,109574.0,0.5005207381691942
2000,TX,17372,-70740.0,-0.06264723073380683
2000,UT,6778,-167130.0,-0.37934947908391403
2000,VA,3165,112705.0,0.5478429942884919
2000,VT,1024,38078.0,0.5720853365384615
2000,WA,7317,45995.0,0.09670840298146571
2000,WI,5619,169115.0,0.4630306514983504
2000,WV,2206,90707.0,0.632589441383639
2000,WY,8972,-156142.0,-0.2677423779965019
2001,AL,3048,83640.0,0.42216838279830404
2001,AR,3521,87542.0,0.38250497017892643
2001,AZ,7924,-183171.0,-0.355630411990836
2001,CA,10582,-108633.0,-0.1579358271665964
2001,CO,7829,-46125.0,-0.09063933894691335
2001,CT,294,9412.0,0.4925170068027211
2001,DE,102,3399.0,0.5126696832579185
2001,FL,2145,30725.0,0.22036937421552807
2001,GA,3912,97423.0,0.38313276702847254
2001,IA,4676,134111.0,0.44124169243929723
2001,ID,7298,-55168.0,-0.11629740497923562
2001,IL,4320,131095.0,0.4668625356125356
2001,IN,2889,97074.0,0.5169422477833693
2001,KS,6050,43643.0,0.1109802924348379
2001,KY,2967,109134.0,0.565886287625418
2001,LA,2078,42909.0,0.31767972162582364
2001,MA,568,19630.0,0.5316901408450704
2001,MD,638,16770.0,0.4043887147335423
2001,ME,3067,96650.0,0.48481352361365404
2001,MI,5621,141472.0,0.38720731323471047
2001,MN,8282,178583.0,0.3317351810227927
2001,MO,5720,176468.0,0.47463152232383
2001,MS,3129,85370.0,0.4197458022961379
2001,MT,15213,-131858.0,-0.13334546870338626
2001,NC,2982,86861.0,0.4481298044678326
2001,ND,7482,70447.0,0.14485431702753274
2001,NE,6531,69835.0,0.16450537672402624
2001,NH,876,33149.0,0.5821742184755884
2001,NJ,446,10702.0,0.36916177992411175
2001,NM,8608,-181218.0,-0.3238811838718902
2001,NV,9006,-297801.0,-0.5087223902014042
2001,NY,4313,159313.0,0.568274804259038
2001,OH,3452,117319.0,0.5228585435422052
2001,OK,5083,38445.0,0.11636071974454819
2001,OR,9021,-69752.0,-0.11895662258149788
2001,PA,3860,141332.0,0.5633001195695496
2001,RI,65,2109.0,0.4991715976331361
2001,SC,1989,45381.0,0.3510151989789999
2001,SD,7579,47973.0,0.09738041349071828
2001,TN,3402,116777.0,0.528092072536517
2001,TX,17402,-57359.0,-0.05070946752362682
2001,UT,6858,-159433.0,-0.3576575363976939
2001,VA,3125,111190.0,0.5473969230769231
2001,VT,1024,39969.0,0.6004957932692307
2001,WA,7283,33103.0,0.06992680531057574
2001,WI,5651,174095.0,0.47396648653063445
2001,WV,2220,94236.0,0.6530561330561331
2001,WY,8949,-151466.0,-0.26039179280882263
2002,AL,3034,85235.0,0.43220424927742
2002,AR,3512,95156.0,0.4168389696863501
2002,AZ,7922,-226674.0,-0.4402035228089255
2002,CA,10575,-127152.0,-0.1849819967266776
2002,CO,7896,-109179.0,-0.21272504091653027
2002,CT,277,9027.0,0.5013607331296862
2002,DE,107,3406.0,0.4897196261682243
2002,FL,2189,33717.0,0.23696805706855958
2002,GA,3896,97541.0,0.3851721686937293
2002,IA,4703,157307.0,0.5145880698081421
2002,ID,7313,-34786.0,-0.07318053203462749
2002,IL,4273,126377.0,0.45501089128517164
2002,IN,2873,85720.0,0.45902166055316074
2002,KS,6060,21048.0,0.053434881949733434
2002,KY,2984,101262.0,0.5220767168488348
2002,LA,2079,45853.0,0.3393125393125393
2002,MA,576,19899.0,0.5314903846153847
2002,MD,647,15525.0,0.36915943407442636
2002,ME,3085,98342.0,0.49042264056850765
2002,MI,5666,146223.0,0.3970322300361128
2002,MN,8290,216909.0,0.4025405957130927
2002,MO,5750,166036.0,0.4442434782608696
2002,MS,3166,88094.0,0.4280771660430536
2002,MT,15236,-98889.0,-0.0998535856372559
2002,NC,3012,83085.0,0.42437940545510267
2002,ND,7511,60424.0,0.12376514445479962
2002,NE,6513,23173.0,0.05473786155499651
2002,NH,872,32228.0,0.5685956245589273
2002,NJ,452,10928.0,0.3719537100068073
2002,NM,8618,-205632.0,-0.3670885624006998
2002,NV,8954,-300723.0,-0.5166973076063985
2002,NY,4375,161758.0,0.5688193406593407
2002,OH,3458,102252.0,0.4549183609912355
2002,OK,5084,61270.0,0.18540821884645645
2002,OR,9078,-56082.0,-0.09504296100462657
2002,PA,3871,134882.0,0.5360650199709874
2002,RI,71,2299.0,0.49815817984832067
2002,SC,1971,45925.0,0.35846700230261874
2002,SD,7553,-10549.0,-0.02148713195979183
2002,TN,3421,111787.0,0.5027185033615902
2002,TX,17478,10297.0,0.009063702060612463
2002,UT,6844,-178766.0,-0.4018477723328688
2002,VA,3125,104024.0,0.5121181538461539
2002,VT,1027,39033.0,0.5847202456744813
2002,WA,7351,44859.0,0.09388361604386634
2002,WI,5622,182264.0,0.49876583750649917
2002,WV,2230,89916.0,0.6203242497412901
2002,WY,8986,-180041.0,-0.30824188053210977
2003,AL,3039,90131.0,0.45627863416609715
2003,AR,3502,103586.0,0.4550630408997057
2003,AZ,7910,-204350.0,-0.39745210541670717
2003,CA,10569,-103224.0,-0.15025655581999606
2003,CO,7894,-55343.0,-0.10785796417922083
2003,CT,287,8638.0,0.4630393996247655
2003,DE,108,3363.0,0.4790598290598291
2003,FL,2181,31609.0,0.22296758720417592
2003,GA,3915,103782.0,0.4078278809313292
2003,IA,4699,139521.0,0.45679440797551035
2003,ID,7318,-48441.0,-0.10183740828725797
2003,IL,4294,134493.0,0.4818637813048619
2003,IN,2853,91591.0,0.49389846045997465
2003,KS,6041,31897.0,0.08123209351482816
2003,KY,2967,108611.0,0.5631744056415442
2003,LA,2093,46412.0,0.3411518247638649
2003,MA,564,17812.0,0.48587015821058377
2003,MD,632,16194.0,0.3942064264849075
2003,ME,3077,100400.0,0.5019874503137421
2003,MI,5710,144795.0,0.3901252862723966
2003,MN,8367,201676.0,0.3708267828741117
2003,MO,5692,168490.0,0.45540299475647333
2003,MS,3105,88608.0,0.4390338164251208
2003,MT,15242,-120506.0,-0.12163354294308237
2003,NC,3038,88402.0,0.447673064262926
2003,ND,7516,68716.0,0.14065583166168583
2003,NE,6515,62631.0,0.14789775075270087
2003,NH,870,32105.0,0.5677276746242264
2003,NJ,454,10097.0,0.34215520162656726
2003,NM,8669,-213783.0,-0.3793943050835426
2003,NV,8961,-294759.0,-0.5060544410393758
2003,NY,4367,159683.0,0.5625513026016804
2003,OH,3448,112000.0,0.4997322862752097
2003,OK,5119,53325.0,0.16026267149533413
2003,OR,9086,-62735.0,-0.10622428419038589
2003,PA,3862,141165.0,0.5623431462375015
2003,RI,62,1765.0,0.43796526054590573
2003,SC,1970,50649.0,0.3955408043732917
2003,SD,7540,30613.0,0.06246276270148949
2003,TN,3367,119802.0,0.5474035320189167
2003,TX,17396,13955.0,0.012341475493924333
2003,UT,6852,-163686.0,-0.36751987067223496
2003,VA,3130,106855.0,0.5252150405505038
2003,VT,1026,39114.0,0.5865047233468286
2003,WA,7323,39288.0,0.08253868212901395
2003,WI,5633,169229.0,0.46219120840104333
2003,WV,2221,88235.0,0.6111938489246008
2003,WY,8994,-140038.0,-0.23954089050820204
2004,AL,3048,92254.0,0.46564708257621645
2004,AR,3505,100455.0,0.4409305387907385
2004,AZ,7934,-216041.0,-0.41891954780787655
2004,CA,10563,-118070.0,-0.17196454969814812
2004,CO,7908,-45437.0,-0.08839539317536282
2004,CT,293,9362.0,0.4915725912312943
2004,DE,104,3697.0,0.5468934911242603
2004,FL,2166,33169.0,0.23559201647844308
2004,GA,3926,108273.0,0.42428386692268505
2004,IA,4723,170337.0,0.5548526848971481
2004,ID,7327,-32708.0,-0.06867749419953596
2004,IL,4351,153963.0,0.5443947456818061
2004,IN,2870,103531.0,0.5549772179040472
2004,KS,6073,60256.0,0.1526453786621743
2004,KY,2974,112971.0,0.5844032900522477
2004,LA,2062,42778.0,0.31916735059315077
2004,MA,577,19491.0,0.5196907079056126
2004,MD,634,17633.0,0.42788158214025723
2004,ME,3060,95840.0,0.48185017596782304
2004,MI,5709,149403.0,0.40261126157079913
2004,MN,8355,212991.0,0.3921944482806242
2004,MO,5700,187786.0,0.5068448043184886
2004,MS,3133,88594.0,0.43504137101328294
2004,MT,15294,-101884.0,-0.10248765227188138
2004,NC,2983,93549.0,0.4824724722143428
2004,ND,7537,67024.0,0.13681019789551035
2004,NE,6511,71719.0,0.16946233002138392
2004,NH,867,31477.0,0.5585484872682105
2004,NJ,452,11376.0,0.38720217835262083
2004,NM,8610,-165427.0,-0.2955901009559546
2004,NV,8901,-292983.0,-0.5063959969925592
2004,NY,4363,160946.0,0.5675205839313104
2004,OH,3451,122868.0,0.5477475870984999
2004,OK,5064,71183.0,0.21625653177785878
2004,OR,9089,-52474.0,-0.0888208062154591
2004,PA,3857,149122.0,0.5948106340120859
2004,RI,68,2213.0,0.5006787330316742
2004,SC,1983,52169.0,0.40474029248613214
2004,SD,7580,35185.0,0.07141262431499898
2004,TN,3359,122949.0,0.5631208922069297
2004,TX,17309,71948.0,0.06394894607962955
2004,UT,6857,-156341.0,-0.3507723718603112
2004,VA,3137,115767.0,0.5677496873544052
2004,VT,1034,38034.0,0.5658979318553786
2004,WA,7330,36061.0,0.07568685066638682
2004,WI,5652,176088.0,0.47930752898905765
2004,WV,2206,94797.0,0.6611130483297301
2004,WY,8898,-151194.0,-0.2614139737538254
2005,AL,3017,91729.0,0.4677545192626399
2005,AR,3490,97449.0,0.4295746087723165
2005,AZ,7907,-165665.0,-0.3223336673444173
2005,CA,10511,-83914.0,-0.12282224482776286
2005,CO,7912,-51955.0,-0.1010247336081512
2005,CT,306,9446.0,0.47491201608848665
2005,DE,108,3421.0,0.48732193732193735
2005,FL,2203,33915.0,0.2368448619016027
2005,GA,3913,107339.0,0.422021270321807
2005,IA,4719,167206.0,0.545115490570036
2005,ID,7265,-20995.0,-0.044459738472126635
2005,IL,4289,139954.0,0.5020140968846961
2005,IN,2853,103365.0,0.5573889832564911
2005,KS,6093,52682.0,0.1330202375992627
2005,KY,2948,110715.0,0.5777841561423651
2005,LA,2084,45416.0,0.3352724051380481
2005,MA,586,19397.0,0.5092412706747178
2005,MD,650,16608.0,0.3930887573964497
2005,ME,3112,100186.0,0.49528376507810956
2005,MI,5720,155961.0,0.4194755244755245
2005,MN,8340,228659.0,0.4218022505072865
2005,MO,5728,169282.0,0.45466802750322305
2005,MS,3149,91284.0,0.44597308058724383
2005,MT,15210,-67424.0,-0.06819804784301826
2005,NC,3016,88956.0,0.4537645378494185
2005,ND,7555,91305.0,0.18592882960851193
2005,NE,6532,84748.0,0.19960431485232466
2005,NH,880,32285.0,0.5644230769230769
2005,NJ,456,10731.0,0.3620445344129555
2005,NM,8598,-152808.0,-0.27342315744269685
2005,NV,8981,-243919.0,-0.41783765727647254
2005,NY,4332,154956.0,0.5503089708075858
2005,OH,3432,121863.0,0.5462748789671866
2005,OK,5076,63103.0,0.19125598593683701
2005,OR,9116,-41076.0,-0.0693219023188308
2005,PA,3874,141580.0,0.5622493149596919
2005,RI,68,2003.0,0.45316742081447964
2005,SC,1973,49726.0,0.3877422121720145
2005,SD,7548,53522.0,0.10909053850230321
2005,TN,3389,124730.0,0.5662210318451097
2005,TX,17442,38160.0,0.0336588076526157
2005,UT,6840,-130202.0,-0.2928520017993702
2005,VA,3132,106758.0,0.5244031830238727
2005,VT,1019,37065.0,0.5595983996376538
2005,WA,7345,27403.0,0.05739749698905587
2005,WI,5645,175786.0,0.4790788308237378
2005,WV,2204,91710.0,0.6401647354460421
2005,WY,8997,-122289.0,-0.20911072921743146
2006,AL,3067,82602.0,0.4143462667101402
2006,AR,3475,94379.0,0.41783729939125624
2006,AZ,7905,-183550.0,-0.35722278986036105
2006,CA,10566,-94434.0,-0.1375005460184336
2006,CO,7887,-53481.0,-0.10432161980279135
2006,CT,293,8537.0,0.44825413494355476
2006,DE,110,3576.0,0.5001398601398601
2006,FL,2133,33531.0,0.24184788488585957
2006,GA,3887,95175.0,0.37669945182165404
2006,IA,4752,172122.0,0.5572455322455322
2006,ID,7275,-33025.0,-0.06983875231297912
2006,IL,4305,145451.0,0.5197927275976056
2006,IN,2855,102241.0,0.5509416677893035
2006,KS,6096,29359.0,0.07409398344437715
2006,KY,2954,111493.0,0.5806624654965887
2006,LA,2054,42704.0,0.3198561905475245
2006,MA,566,17381.0,0.4724381625441696
2006,MD,643,16436.0,0.39325278143318576
2006,ME,3097,96768.0,0.48070341024813096
2006,MI,5660,140390.0,0.38159826039684697
2006,MN,8370,217323.0,0.399454094292804
2006,MO,5698,177153.0,0.4783135783135783
2006,MS,3124,78791.0,0.38801831970846057
2006,MT,15226,-128603.0,-0.12994270933322555
2006,NC,2976,91196.0,0.4714433416046319
2006,ND,7564,50341.0,0.10238986291339544
2006,NE,6502,63162.0,0.1494498734117313
2006,NH,876,31295.0,0.5496136283807517
2006,NJ,460,11185.0,0.3740802675585284
2006,NM,8613,-134195.0,-0.2397002741830328
2006,NV,8978,-276685.0,-0.47412478365920113
2006,NY,4367,154018.0,0.5425939299994715
2006,OH,3448,120104.0,0.5358914867035517
2006,OK,5103,35744.0,0.10776164850238924
2006,OR,9068,-38982.0,-0.06613620168979675
2006,PA,3869,143329.0,0.5699306121637473
2006,RI,71,2031.0,0.4400866738894908
2006,SC,2015,50260.0,0.38373735445695745
2006,SD,7578,899.0,0.0018251213025559819
2006,TN,3384,113618.0,0.5165393707946899
2006,TX,17417,-39940.0,-0.03527941312864089
2006,UT,6854,-161617.0,-0.3627685124913021
2006,VA,3150,114098.0,0.5572551892551892
2006,VT,1057,37057.0,0.5393639473109672
2006,WA,7376,46109.0,0.0961726180543968
2006,WI,5675,172546.0,0.4677627922738055
2006,WV,2207,93759.0,0.6535777770032415
2006,WY,9006,-171808.0,-0.29349322673773043
2007,AL,3023,79537.0,0.40477874755082827
2007,AR,3537,94296.0,0.41015201931232464
2007,AZ,7944,-191966.0,-0.3717677589278798
2007,CA,10602,-121703.0,-0.17660383381945352
2007,CO,7888,-32303.0,-0.06300319862693088
2007,CT,294,9303.0,0.4868131868131868
2007,DE,108,3060.0,0.4358974358974359
2007,FL,2169,33916.0,0.24056459907082314
2007,GA,3965,92247.0,0.35792802405664953
2007,IA,4717,159229.0,0.5193294303745862
2007,ID,7297,-48329.0,-0.1018943506815235
2007,IL,4312,132941.0,0.4743149707435422
2007,IN,2879,93207.0,0.49807358324204454
2007,KS,6105,65535.0,0.16514836514836514
2007,KY,2960,97547.0,0.5070010395010395
2007,LA,2085,45177.0,0.3333480907581627
2007,MA,556,18749.0,0.5187880464858882
2007,MD,657,15352.0,0.35948952113335675
2007,ME,3104,109385.0,0.542154044409199
2007,MI,5695,142566.0,0.3851313567907071
2007,MN,8334,217703.0,0.40188108028280817
2007,MO,5672,167564.0,0.4544971248779429
2007,MS,3166,84411.0,0.4101802808688469
2007,MT,15234,-97055.0,-0.09801456256753618
2007,NC,3012,79343.0,0.4052661150270712
2007,ND,7551,86427.0,0.1760887503438159
2007,NE,6550,90490.0,0.21254257193188492
2007,NH,868,33461.0,0.593069833392414
2007,NJ,446,10397.0,0.3586409106588479
2007,NM,8563,-143513.0,-0.2578409795273044
2007,NV,8933,-298246.0,-0.5136460315683421
2007,NY,4377,160150.0,0.5629075060192263
2007,OH,3445,118814.0,0.5305972982025232
2007,OK,5133,81242.0,0.2434983290623267
2007,OR,9095,-55553.0,-0.0939704825136381
2007,PA,3893,145066.0,0.5732814321563359
2007,RI,69,2313.0,0.5157190635451505
2007,SC,2009,47250.0,0.36183328866255693
2007,SD,7553,53642.0,0.10926274837303568
2007,TN,3379,100761.0,0.45876567942267854
2007,TX,17418,140229.0,0.12385860780624817
2007,UT,6889,-163193.0,-0.36444499034134686
2007,VA,3113,102823.0,0.5081568608070375
2007,VT,1027,39067.0,0.5852295708186652
2007,WA,7349,41304.0,0.0864670232475376
2007,WI,5598,171481.0,0.47126995905130953
2007,WV,2224,96608.0,0.668289983397897
2007,WY,9017,-140823.0,-0.2402692350346781
2008,AL,3019,83266.0,0.4243177822508727
2008,AR,3514,104070.0,0.45562803730134405
2008,AZ,7936,-176462.0,-0.3420866935483871
2008,CA,10555,-115581.0,-0.1684670043362606
2008,CO,7886,-60252.0,-0.11754423613414229
2008,CT,282,9159.0,0.49967266775777414
2008,DE,99,2970.0,0.46153846153846156
2008,FL,2158,31457.0,0.2242603550295858
2008,GA,3921,101820.0,0.3995056206226826
2008,IA,4734,149646.0,0.48632153651165055
2008,ID,7328,-37184.0,-0.07806516627477326
2008,IL,4294,147921.0,0.5299738454372828
2008,IN,2846,99302.0,0.5367965835991134
2008,KS,6055,64164.0,0.1630286476529251
2008,KY,2971,102481.0,0.5306734329285658
2008,LA,2073,43753.0,0.32470963672121417
2008,MA,572,19254.0,0.5178590640129102
2008,MD,650,15340.0,0.3630769230769231
2008,ME,3084,100856.0,0.5031228175197047
2008,MI,5686,145422.0,0.3934684379988636
2008,MN,8333,216275.0,0.3992928947927148
2008,MO,5713,191715.0,0.5162719304151127
2008,MS,3165,84107.0,0.40883217887957224
2008,MT,15217,-106584.0,-0.10775802366786134
2008,NC,3040,84317.0,0.42670546558704453
2008,ND,7556,64238.0,0.13079366372113857
2008,NE,6480,80750.0,0.19171415004748338
2008,NH,878,33171.0,0.5812335728053268
2008,NJ,448,9723.0,0.33389423076923075
2008,NM,8515,-144005.0,-0.2601833867835042
2008,NV,8961,-289374.0,-0.4968092503412222
2008,NY,4363,164060.0,0.5785010314004125
2008,OH,3459,114291.0,0.5083327773700714
2008,OK,5104,68036.0,0.20507595852423438
2008,OR,9083,-49975.0,-0.08464671956910204
2008,PA,3885,140571.0,0.5566617166617167
2008,RI,67,2089.0,0.4796785304247991
2008,SC,1971,48955.0,0.38211762869297117
2008,SD,7541,67860.0,0.13844317729744066
2008,TN,3367,111809.0,0.510881633958557
2008,TX,17410,23401.0,0.020678655061193832
2008,UT,6892,-156570.0,-0.34950220992008574
2008,VA,3105,99468.0,0.4928428093645485
2008,VT,1030,40011.0,0.5976250933532486
2008,WA,7360,34153.0,0.07139005016722408
2008,WI,5680,170821.0,0.46267876489707477
2008,WV,2223,89623.0,0.620249835634451
2008,WY,8935,-125848.0,-0.21668976798243725
2009,AL,3062,93222.0,0.4683816510073858
2009,AR,3545,103197.0,0.447855050450255
2009,AZ,7908,-209482.0,-0.4075366717248356
2009,CA,10552,-118914.0,-0.17337435119846037
2009,CO,7917,-38502.0,-0.07481855015011514
2009,CT,290,8738.0,0.46355437665782495
2009,DE,105,3398.0,0.4978754578754579
2009,FL,2187,31915.0,0.2245084590763603
2009,GA,3953,98909.0,0.38494230282745334
2009,IA,4723,180650.0,0.5884460658968387
2009,ID,7237,-20240.0,-0.04302675354216048
2009,IL,4254,145016.0,0.5244511952551445
2009,IN,2899,102829.0,0.5457001087908298
2009,KS,6104,73466.0,0.18516483516483517
2009,KY,2974,112981.0,0.5844550204335006
2009,LA,2058,43133.0,0.3224415040741571
2009,MA,571,18171.0,0.4895864205846693
2009,MD,655,17768.0,0.417334116265414
2009,ME,3100,104842.0,0.5203076923076924
2009,MI,5748,144794.0,0.38754349338900485
2009,MN,8336,232736.0,0.4295290122545401
2009,MO,5727,201294.0,0.5407422331466334
2009,MS,3113,88649.0,0.4381081815710791
2009,MT,15184,-86893.0,-0.08804105536191943
2009,NC,2991,87347.0,0.4492811768639251
2009,ND,7581,90705.0,0.18407354418434752
2009,NE,6511,111708.0,0.26395094691823306
2009,NH,882,32325.0,0.5638409209837781
2009,NJ,463,11016.0,0.36604087057650775
2009,NM,8619,-191071.0,-0.34105509295206476
2009,NV,9003,-283785.0,-0.4849409171301874
2009,NY,4383,162517.0,0.5704452517594202
2009,OH,3448,126994.0,0.5666339461003034
2009,OK,5102,66610.0,0.2008563760817779
2009,OR,9081,-52962.0,-0.08972580112322431
2009,PA,3882,149171.0,0.5911742559346888
2009,RI,67,2103.0,0.48289322617680824
2009,SC,1977,47439.0,0.3691607330454068
2009,SD,7558,83172.0,0.16929997760905408
2009,TN,3400,124876.0,0.5650497737556561
2009,TX,17335,-11257.0,-0.009990459497237692
2009,UT,6825,-155047.0,-0.3495001408847563
2009,VA,3166,110911.0,0.5389523300451917
2009,VT,1020,39171.0,0.590814479638009
2009,WA,7345,36016.0,0.07543802691522229
2009,WI,5663,183038.0,0.49725750146022085
2009,WV,2222,92812.0,0.6426088762722426
2009,WY,9001,-122427.0,-0.20925367266884876
2010,AL,3036,87269.0,0.4422266139657444
2010,AR,3528,99918.0,0.4357142857142857
2010,AZ,7962,-169587.0,-0.3276853515738218
2010,CA,10595,-91313.0,-0.1325922968018296
2010,CO,7898,-40042.0,-0.07799832479498217
2010,CT,293,9111.0,0.4783932790758729
2010,DE,100,2969.0,0.45676923076923076
2010,FL,2175,33213.0,0.23492838196286472
2010,GA,3909,102456.0,0.4032351378475707
2010,IA,4711,166606.0,0.5440817726107473
2010,ID,7327,-25508.0,-0.053559542681966596
2010,IL,4336,141582.0,0.5023488504115811
2010,IN,2860,95828.0,0.5154814416352878
2010,KS,6058,64524.0,0.16386215303349672
2010,KY,2965,105475.0,0.5472823971980801
2010,LA,2076,45355.0,0.33611234622795316
2010,MA,569,18393.0,0.49730972015682035
2010,MD,648,15763.0,0.3742402659069326
2010,ME,3110,103195.0,0.5104872619342072
2010,MI,5711,151353.0,0.4077232870438964
2010,MN,8379,242137.0,0.444585823533192
2010,MO,5664,186600.0,0.5068448500651891
2010,MS,3132,83762.0,0.4114451321347873
2010,MT,15203,-41945.0,-0.04244607592631009
2010,NC,3031,85725.0,0.43511915336395707
2010,ND,7486,114866.0,0.23606321543804845
2010,NE,6522,102141.0,0.24093836246550138
2010,NH,902,33045.0,0.5636193075217465
2010,NJ,459,8715.0,0.2921065862242333
2010,NM,8629,-137050.0,-0.24434598892821166
2010,NV,8919,-266627.0,-0.45991185627916203
2010,NY,4342,162804.0,0.5768486695248556
2010,OH,3462,121479.0,0.5398346887081722
2010,OK,5100,69703.0,0.2102654600301659
2010,OR,9084,-27622.0,-0.04678047623886462
2010,PA,3893,140331.0,0.5545693453733526
2010,RI,70,2165.0,0.4758241758241758
2010,SC,1974,49313.0,0.3843270204972333
2010,SD,7544,75676.0,0.15432743290643608
2010,TN,3389,114186.0,0.5183557663935356
2010,TX,17429,88282.0,0.07792670924233262
2010,UT,6895,-139048.0,-0.310253807106599
2010,VA,3153,103981.0,0.5073605113567055
2010,VT,1037,40152.0,0.5956828128477116
2010,WA,7321,51915.0,0.10909606716190516
2010,WI,5647,181737.0,0.4951219844437482
2010,WV,2221,89749.0,0.6216811554047034
2010,WY,8954,-111118.0,-0.19092111819384547
2011,AL,3012,82730.0,0.4225661456737154
2011,AR,3534,91242.0,0.3972051717382787
2011,AZ,7894,-200994.0,-0.3917171756543431
2011,CA,10629,-86965.0,-0.12587478379180328
2011,CO,7893,-60625.0,-0.11816702238595055
2011,CT,288,9188.0,0.4908119658119658
2011,DE,108,3417.0,0.48675213675213674
2011,FL,2177,34268.0,0.2421681212677997
2011,GA,3917,91205.0,0.3582215588853322
2011,IA,4701,173838.0,0.5689067792450051
2011,ID,7294,-7398.0,-0.015603973761363396
2011,IL,4290,139094.0,0.49881298188990497
2011,IN,2868,95945.0,0.5146711726209634
2011,KS,6059,18424.0,0.0467810123528889
2011,KY,2958,107160.0,0.557341238882821
2011,LA,2069,41356.0,0.30751384912815555
2011,MA,575,18407.0,0.49249498327759195
2011,MD,638,16292.0,0.39286231010368944
2011,ME,3080,106771.0,0.5333216783216783
2011,MI,5690,157905.0,0.4269433554143572
2011,MN,8298,242489.0,0.4495782116172572
2011,MO,5735,171362.0,0.4596928442089732
2011,MS,3153,84738.0,0.4134670277391495
2011,MT,15212,-21080.0,-0.02131920144015858
2011,NC,3057,85831.0,0.43195188847789434
2011,ND,7547,109427.0,0.22306774979360114
2011,NE,6496,105796.0,0.2505589238347859
2011,NH,856,32738.0,0.5883896477354421
2011,NJ,439,11413.0,0.3999649553180305
2011,NM,8668,-216166.0,-0.3836676014340989
2011,NV,9049,-257541.0,-0.4378571367851951
2011,NY,4352,163540.0,0.578125
2011,OH,3472,122774.0,0.544018078695498
2011,OK,5098,9905.0,0.029891058333584814
2011,OR,9086,-6258.0,-0.01059618347753941
2011,PA,3873,145886.0,0.5794990963077717
2011,RI,66,1866.0,0.43496503496503497
2011,SC,1976,45733.0,0.35606508875739645
2011,SD,7558,104313.0,0.21233334011846847
2011,TN,3390,115121.0,0.5224461084638076
2011,TX,17381,-155880.0,-0.13797559669488788
2011,UT,6761,-132294.0,-0.30103421205329206
2011,VA,3134,107258.0,0.5265229983800501
2011,VT,1033,40487.0,0.6029786283416487
2011,WA,7295,62720.0,0.13227184056519217
2011,WI,5668,187101.0,0.5078470224200641
2011,WV,2191,87383.0,0.6135800301934488
2011,WY,8970,-116315.0,-0.1994940399622674
2012,AL,3037,85825.0,0.43476609001798333
2012,AR,3536,88594.0,0.3854594500522102
2012,AZ,7892,-190836.0,-0.3720145034894148
2012,CA,10583,-107714.0,-0.1565849439231278
2012,CO,7927,-90759.0,-0.176143851102852
2012,CT,287,8960.0,0.4803001876172608
2012,DE,106,3431.0,0.4979680696661829
2012,FL,2168,33872.0,0.24036332671019017
2012,GA,3905,97605.0,0.384536590170393
2012,IA,4700,141616.0,0.4635548281505728
2012,ID,7307,-38887.0,-0.08187512501184323
2012,IL,4272,104936.0,0.37790262172284644
2012,IN,2855,78882.0,0.42506803179307556
2012,KS,6093,-5909.0,-0.014920021714704136
2012,KY,2976,104188.0,0.5386062861869313
2012,LA,2078,46782.0,0.3463537425038869
2012,MA,586,20050.0,0.5263848779207141
2012,MD,657,15483.0,0.36255707762557077
2012,ME,3070,107125.0,0.5368328739664244
2012,MI,5791,138322.0,0.36747207204813837
2012,MN,8352,226172.0,0.416615089890952
2012,MO,5765,139963.0,0.3735085729534992
2012,MS,3169,90737.0,0.440502949243877
2012,MT,15238,-132200.0,-0.13347198804607913
2012,NC,3011,86543.0,0.44218889712081344
2012,ND,7531,75090.0,0.1533967294158504
2012,NE,6536,33522.0,0.07890499952923453
2012,NH,883,32771.0,0.570973081278857
2012,NJ,451,9579.0,0.32676104383421456
2012,NM,8593,-205269.0,-0.36750664673392475
2012,NV,8955,-299377.0,-0.5143271915131211
2012,NY,4387,159200.0,0.5582928582700637
2012,OH,3466,108078.0,0.4797283501265036
2012,OK,5111,14864.0,0.04474210977830622
2012,OR,9131,-52142.0,-0.0878528765069122
2012,PA,3879,139589.0,0.5536280167370654
2012,RI,61,1737.0,0.43808322824716267
2012,SC,1979,49037.0,0.38121040152369107
2012,SD,7556,3491.0,0.007107952925845991
2012,TN,3385,114089.0,0.5185274400636292
2012,TX,17367,-70176.0,-0.06216564572066386
2012,UT,6883,-161200.0,-0.3603080052302775
2012,VA,3121,106089.0,0.5229536884134769
2012,VT,1030,38526.0,0.575444361463779
2012,WA,7285,46777.0,0.09878464706192915
2012,WI,5666,160918.0,0.43693285182872194
2012,WV,2221,87323.0,0.6048765282443805
2012,WY,8962,-188068.0,-0.32284689200556194
2013,AL,3023,93232.0,0.4744751774854322
2013,AR,3514,100073.0,0.43812880346744887
2013,AZ,7970,-188412.0,-0.3636946240710356
2013,CA,10618,-126595.0,-0.18342582262341162
2013,CO,7892,-56804.0,-0.1107333619244415
2013,CT,293,9864.0,0.5179312155421371
2013,DE,99,3274.0,0.5087801087801088
2013,FL,2172,33012.0,0.23382915427114323
2013,GA,3898,106108.0,0.41878675454868375
2013,IA,4690,156934.0,0.51479088076103
2013,ID,7289,-41527.0,-0.08764946125352217
2013,IL,4296,148945.0,0.5333942128634866
2013,IN,2870,106815.0,0.5725810774591262
2013,KS,6106,65587.0,0.1652523369195495
2013,KY,2996,120216.0,0.6173153948854884
2013,LA,2091,47516.0,0.3496008534745981
2013,MA,572,19380.0,0.5212479827864444
2013,MD,655,17395.0,0.40857310628302995
2013,ME,3076,100882.0,0.5045613684105231
2013,MI,5789,153731.0,0.40854937082264775
2013,MN,8393,223547.0,0.40976821343793823
2013,MO,5723,187466.0,0.5039476337047541
2013,MS,3143,96081.0,0.47030519591766806
2013,MT,15223,-47847.0,-0.04835496894880722
2013,NC,3006,87791.0,0.4493116331439685
2013,ND,7545,100423.0,0.20476729367385432
2013,NE,6551,100544.0,0.23612132029167596
2013,NH,871,32367.0,0.5717036121169301
2013,NJ,464,11334.0,0.3757957559681698
2013,NM,8659,-168965.0,-0.300203434399069
2013,NV,8978,-299767.0,-0.5136778792604143
2013,NY,4349,160582.0,0.5680598546084865
2013,OH,3430,129554.0,0.5810899304776855
2013,OK,5097,59229.0,0.1787748449314076
2013,OR,9100,-55819.0,-0.09436855452240067
2013,PA,3899,146797.0,0.5792293882060489
2013,RI,67,2195.0,0.5040183696900115
2013,SC,1986,50742.0,0.3930745991168952
2013,SD,7576,92357.0,0.18754975225408171
2013,TN,3392,126773.0,0.5749863933236575
2013,TX,17361,-35378.0,-0.03135055141275981
2013,UT,6866,-154276.0,-0.3456855407918618
2013,VA,3140,115029.0,0.5635913767760902
2013,VT,1022,38080.0,0.5732349841938883
2013,WA,7296,47548.0,0.1002614709851552
2013,WI,5675,182779.0,0.4955038969840732
2013,WV,2209,92956.0,0.6473935299648292
2013,WY,8974,-150265.0,-0.25760744715502903
2014,AL,3030,90823.0,0.4611474993653211
2014,AR,3510,102173.0,0.44783256629410473
2014,AZ,7922,-190620.0,-0.3701862389062591
2014,CA,10615,-142564.0,-0.20662197905721222
2014,CO,7861,-39874.0,-0.07803665613104616
2014,CT,293,9705.0,0.5095825676030454
2014,DE,108,3847.0,0.548005698005698
2014,FL,2143,34076.0,0.24463189633511612
2014,GA,3931,104428.0,0.4086961626518991
2014,IA,4721,182067.0,0.5933130203835563
2014,ID,7284,-39017.0,-0.08240822878384657
2014,IL,4346,173099.0,0.6127615136819002
2014,IN,2878,114732.0,0.6133105254717486
2014,KS,6119,69986.0,0.17596138132173433
2014,KY,2981,117382.0,0.6057956803344258
2014,LA,2070,47105.0,0.35009290226681533
2014,MA,570,20427.0,0.551336032388664
2014,MD,655,16506.0,0.38769230769230767
2014,ME,3095,108112.0,0.5374027587920964
2014,MI,5799,159021.0,0.4218791038242668
2014,MN,8372,230364.0,0.4233231651291852
2014,MO,5713,196555.0,0.5293056322287899
2014,MS,3137,94497.0,0.4634364042078419
2014,MT,15219,-50888.0,-0.051441770661167466
2014,NC,3005,89437.0,0.4578881351593498
2014,ND,7526,127485.0,0.2606042641918273
2014,NE,6509,108147.0,0.25561530188969117
2014,NH,846,33954.0,0.6174577195853792
2014,NJ,449,10891.0,0.37317114956313174
2014,NM,8639,-155495.0,-0.2769106110928081
2014,NV,8993,-300170.0,-0.5135105081730235
2014,NY,4351,167269.0,0.591443169563142
2014,OH,3495,134318.0,0.5912534389787608
2014,OK,5067,71842.0,0.2181293740796405
2014,OR,9120,-63724.0,-0.1074966261808367
2014,PA,3902,148813.0,0.5867326420376139
2014,RI,68,2323.0,0.5255656108597285
2014,SC,1977,50225.0,0.39084082331426795
2014,SD,7551,107320.0,0.21865672402025202
2014,TN,3348,124911.0,0.5739867659222498
2014,TX,17370,4123.0,0.0036517426154731854
2014,UT,6809,-154721.0,-0.34958482551374315
2014,VA,3160,114322.0,0.5565822784810126
2014,VT,1044,41588.0,0.6128499852637783
2014,WA,7334,37629.0,0.07893478215267144
2014,WI,5635,191049.0,0.5215998907924374
2014,WV,2203,94166.0,0.6576067600125702
2014,WY,8943,-123439.0,-0.21235173190892748
2015,AL,3050,85332.0,0.4304262295081967
2015,AR,3495,101480.0,0.4467040827555849
2015,AZ,7940,-183584.0,-0.35571400891300137
2015,CA,10603,-138820.0,-0.2014233997634922
2015,CO,7892,-14366.0,-0.028004990447970682
2015,CT,290,9674.0,0.5132095490716181
2015,DE,104,3575.0,0.5288461538461539
2015,FL,2175,37787.0,0.2672820512820513
2015,GA,3937,103512.0,0.40449385514155645
2015,IA,4758,183804.0,0.594315646522456
2015,ID,7272,-36059.0,-0.07628628247440129
2015,IL,4296,141592.0,0.5070620254977797
2015,IN,2847,95114.0,0.5139769257788225
2015,KS,6107,75111.0,0.18921792142686197
2015,KY,2981,114630.0,0.5915929089360824
2015,LA,2086,46641.0,0.34398554465668557
2015,MA,579,19782.0,0.5256277401355122
2015,MD,653,17055.0,0.401814112380728
2015,ME,3112,106140.0,0.5247182123788807
2015,MI,5705,147512.0,0.39779410773275803
2015,MN,8296,245938.0,0.45608263481937544
2015,MO,5693,183558.0,0.49604237322487804
2015,MS,3158,88293.0,0.4301310469138208
2015,MT,15237,-84802.0,-0.08562355803938793
2015,NC,2981,88934.0,0.45897865971666707
2015,ND,7558,110500.0,0.224927229425774
2015,NE,6529,109741.0,0.25858831014291267
2015,NH,873,33872.0,0.5969160278438629
2015,NJ,460,11058.0,0.36983277591973246
2015,NM,8685,-133557.0,-0.2365829679819317
2015,NV,8972,-291721.0,-0.5002246304742961
2015,NY,4352,166758.0,0.5895008484162896
2015,OH,3424,121691.0,0.5467783968368081
2015,OK,5123,76904.0,0.23094641060676588
2015,OR,9076,-56563.0,-0.09587924195680916
2015,PA,3857,145384.0,0.5799006800821683
2015,RI,67,2174.0,0.4991963260619977
2015,SC,2001,49877.0,0.3834774920232192
2015,SD,7550,102062.0,0.2079714722363729
2015,TN,3386,120474.0,0.5473851606161116
2015,TX,17396,76391.0,0.0675584130746237
2015,UT,6870,-145244.0,-0.3252580897995745
2015,VA,3124,110925.0,0.5462671131685216
2015,VT,1037,41716.0,0.6188858393294266
2015,WA,7326,36382.0,0.0764022764022764
2015,WI,5663,186963.0,0.5079205096510412
2015,WV,2198,93044.0,0.6512493875551201
2015,WY,8976,-101408.0,-0.17381050322226793
2016,AL,3048,90185.0,0.45520391681809
2016,AR,3512,108671.0,0.47604257928859295
2016,AZ,7916,-202456.0,-0.3934698954405877
2016,CA,10511,-127650.0,-0.18683723278909276
2016,CO,7858,-40274.0,-0.07884958004581319
2016,CT,296,9552.0,0.4964656964656965
2016,DE,109,3742.0,0.5281580804516585
2016,FL,2148,34994.0,0.2506374444921931
2016,GA,3932,98829.0,0.38668518663432194
2016,IA,4674,183569.0,0.6042230341331754
2016,ID,7306,-30920.0,-0.0651098149045042
2016,IL,4275,159021.0,0.5722753036437247
2016,IN,2876,105966.0,0.5668449769979672
2016,KS,6128,85826.0,0.21546997389033942
2016,KY,2984,113969.0,0.5875902247886162
2016,LA,2085,49143.0,0.362612064194798
2016,MA,565,18502.0,0.5037985023825732
2016,MD,655,17796.0,0.4179917792131533
2016,ME,3094,110278.0,0.5483466759484859
2016,MI,5775,143173.0,0.38141325341325344
2016,MN,8374,239522.0,0.44004703202219325
2016,MO,5686,201510.0,0.5452257907410915
2016,MS,3150,94480.0,0.46144078144078143
2016,MT,15192,-67219.0,-0.0680712520759914
2016,NC,3007,86172.0,0.4408789747000588
2016,ND,7523,103963.0,0.21260544586345465
2016,NE,6541,101492.0,0.238712029447391
2016,NH,879,34836.0,0.6097138356524022
2016,NJ,461,10943.0,0.36519272484565324
2016,NM,8579,-176049.0,-0.3157065105310822
2016,NV,8920,-263751.0,-0.45489996550534667
2016,NY,4336,167179.0,0.5931698836219131
2016,OH,3453,118687.0,0.5288021564303058
2016,OK,5107,77929.0,0.2347577231853715
2016,OR,9020,-42812.0,-0.07302063789868668
2016,PA,3889,149663.0,0.5920564906936725
2016,RI,72,1843.0,0.3938034188034188
2016,SC,1975,47455.0,0.36965920155793575
2016,SD,7546,59122.0,0.12053660625089196
2016,TN,3385,117700.0,0.534939211453244
2016,TX,17404,74874.0,0.0661863762530276
2016,UT,6834,-151140.0,-0.3402444789626528
2016,VA,3131,111612.0,0.5484214922732968
2016,VT,1020,41977.0,0.6331372549019608
2016,WA,7309,44518.0,0.09370533693970552
2016,WI,5655,186100.0,0.506291233081684
2016,WV,2216,91535.0,0.635483199111358
2016,WY,8968,-130928.0,-0.22460715020929115
2017,AL,3034,86266.0,0.43743217889559355
2017,AR,3508,108170.0,0.47438821156038946
2017,AZ,7940,-180614.0,-0.34995931021119936
2017,CA,10572,-106960.0,-0.15565063011147007
2017,CO,7866,-26283.0,-0.051405269025406326
2017,CT,299,8827.0,0.45418060200668897
2017,DE,107,3702.0,0.5322789360172537
2017,FL,2179,31737.0,0.2240759699226886
2017,GA,3892,101659.0,0.4018459957308878
2017,IA,4767,163781.0,0.5285730422294299
2017,ID,7307,-18253.0,-0.03843100925350823
2017,IL,4293,158418.0,0.5677148846960167
2017,IN,2867,103025.0,0.55284269271015
2017,KS,6034,69889.0,0.17819280487493944
2017,KY,2964,113708.0,0.5902003529533894
2017,LA,2076,47016.0,0.3484215206758559
2017,MA,572,17548.0,0.47197417966648736
2017,MD,641,17895.0,0.4294971798871955
2017,ME,3076,104248.0,0.5213964189256777
2017,MI,5746,145100.0,0.3884976840076039
2017,MN,8349,245530.0,0.45243557496521924
2017,MO,5691,192874.0,0.5214008623602719
2017,MS,3134,90879.0,0.44611948357959846
2017,MT,15217,-105718.0,-0.10688248467048493
2017,NC,3035,92861.0,0.4707185401089849
2017,ND,7521,75885.0,0.1552269031327667
2017,NE,6537,91489.0,0.21531636483449243
2017,NH,887,32760.0,0.5682074408117249
2017,NJ,444,11393.0,0.39476784476784477
2017,NM,8603,-157506.0,-0.281665608598074
2017,NV,8986,-267234.0,-0.45752195723261824
2017,NY,4384,160847.0,0.5644546603032005
2017,OH,3469,125029.0,0.5544892121427146
2017,OK,5106,78301.0,0.23592455331585765
2017,OR,9030,-35153.0,-0.059890961751426865
2017,PA,3891,147732.0,0.5841171935235158
2017,RI,69,1841.0,0.410479375696767
2017,SC,1983,50814.0,0.39422785988595366
2017,SD,7545,50733.0,0.10344701024621501
2017,TN,3381,120439.0,0.5480354014515505
2017,TX,17357,43813.0,0.03883425441298346
2017,UT,6863,-143516.0,-0.32171622636433944
2017,VA,3135,109887.0,0.5392565329407435
2017,VT,1026,38676.0,0.5799370220422853
2017,WA,7328,56551.0,0.11872480685253611
2017,WI,5612,180273.0,0.4941965020012062
2017,WV,2244,92481.0,0.6340394899218429
2017,WY,8957,-117396.0,-0.20164031569636126
2018,AL,3070,93132.0,0.4667100977198697
2018,AR,3531,108104.0,0.47101060932836636
2018,AZ,7927,-209445.0,-0.40648804960650553
2018,CA,10566,-129559.0,-0.188644272630644
2018,CO,7895,-69901.0,-0.1362127929069031
2018,CT,298,9029.0,0.466133195663397
2018,DE,100,3287.0,0.5056923076923077
2018,FL,2159,32315.0,0.23027042434175365
2018,GA,3897,102231.0,0.40358855924675785
2018,IA,4696,180093.0,0.5900045865548421
2018,ID,7300,-31758.0,-0.06692939936775553
2018,IL,4313,153733.0,0.5483707574595588
2018,IN,2868,109565.0,0.5877320030039695
2018,KS,6083,79332.0,0.20063986646265128
2018,KY,2974,115114.0,0.5954891107547463
2018,LA,2077,50578.0,0.3746379763712455
2018,MA,567,18651.0,0.5060643060643061
2018,MD,641,17492.0,0.41982479299171965
2018,ME,3073,105841.0,0.5298805977621467
2018,MI,5778,147738.0,0.393370077482227
2018,MN,8347,257294.0,0.4742265761074914
2018,MO,5704,193225.0,0.5211592404790161
2018,MS,3101,93165.0,0.462208220673232
2018,MT,15286,-28450.0,-0.028633540997795873
2018,NC,3018,84697.0,0.43175307131569557
2018,ND,7511,115665.0,0.2369140645002714
2018,NE,6568,122282.0,0.28642837065492366
2018,NH,887,33993.0,0.5895932703148036
2018,NJ,450,10885.0,0.3721367521367521
2018,NM,8635,-193043.0,-0.343936572981159
2018,NV,9007,-289446.0,-0.49439495776788994
2018,NY,4375,163308.0,0.5742698901098902
2018,OH,3480,130692.0,0.5777718832891247
2018,OK,5088,72938.0,0.22054305757135945
2018,OR,9141,-63610.0,-0.10705780380870633
2018,PA,3882,145946.0,0.5783933737565886
2018,RI,69,1756.0,0.3915273132664437
2018,SC,1985,49448.0,0.3832435574501066
2018,SD,7593,102685.0,0.20805600299871338
2018,TN,3392,120591.0,0.5469475689404935
2018,TX,17393,-12858.0,-0.011373275721001818
2018,UT,6894,-169304.0,-0.3778179464863538
2018,VA,3157,109201.0,0.53215564922882
2018,VT,1032,40476.0,0.6033989266547406
2018,WA,7326,46288.0,0.09720489720489721
2018,WI,5660,182454.0,0.4959336776297907
2018,WV,2225,94670.0,0.6545894554883319
2018,WY,8982,-127675.0,-0.21868523371529383
2019,AL,3008,92513.0,0.4731638707037643
2019,AR,3474,101003.0,0.44729197112616803
2019,AZ,7954,-187316.0,-0.3623063383686969
2019,CA,10561,-106260.0,-0.15479303387645402
2019,CO,7845,-33771.0,-0.06622738638035006
2019,CT,287,8539.0,0.457732511391048
2019,DE,102,3433.0,0.5177978883861237
2019,FL,2141,34595.0,0.24858980347070025
2019,GA,3909,104230.0,0.41021705334828895
2019,IA,4703,166067.0,0.5432440831547785
2019,ID,7255,-13249.0,-0.028095212850553993
2019,IL,4286,133393.0,0.4788147456836211
2019,IN,2866,95825.0,0.5143861720972677
2019,KS,6071,82849.0,0.2099489375720639
2019,KY,2953,111043.0,0.578514678683998
2019,LA,2097,48708.0,0.35734565863321227
2019,MA,561,18066.0,0.49543397778691894
2019,MD,640,16127.0,0.38766826923076925
2019,ME,3100,100940.0,0.5009429280397022
2019,MI,5821,144669.0,0.3823530189103115
2019,MN,8379,231980.0,0.42593663646295227
2019,MO,5705,188392.0,0.508034787298591
2019,MS,3132,96150.0,0.47229590333038607
2019,MT,15273,-14481.0,-0.014586827433026608
2019,NC,3028,87528.0,0.44471090336347935
2019,ND,7515,114291.0,0.23397512666973744
2019,NE,6527,119035.0,0.280574182979576
2019,NH,873,33344.0,0.5876112432813464
2019,NJ,452,10143.0,0.3452348536419333
2019,NM,8557,-183548.0,-0.33000062926438994
2019,NV,8951,-249767.0,-0.429289378926291
2019,NY,4364,160541.0,0.5659627723330748
2019,OH,3430,114624.0,0.514124243103835
2019,OK,5091,77514.0,0.23424142151307736
2019,OR,9182,-36073.0,-0.06044099659869644
2019,PA,3866,141784.0,0.5642246010585379
2019,RI,68,1850.0,0.41855203619909503
2019,SC,2009,49766.0,0.3811004326683769
2019,SD,7600,116904.0,0.2366477732793522
2019,TN,3375,121649.0,0.5545253561253561
2019,TX,17429,32918.0,0.02905678864138902
2019,UT,6852,-133288.0,-0.29926804077417035
2019,VA,3158,110377.0,0.5377161786914795
2019,VT,1028,39539.0,0.5917240347201437
2019,WA,7371,47209.0,0.09853375494401136
2019,WI,5655,183049.0,0.49799088621369786
2019,WV,2228,92342.0,0.637632923629333
2019,WY,8953,-88142.0,-0.15146104872453584
2020,AL,3071,90005.0,0.4508929689652581
2020,AR,3511,108854.0,0.47698004075104616
2020,AZ,7928,-192067.0,-0.3727140417604595
2020,CA,10595,-110287.0,-0.16014375431081423
2020,CO,7902,-84999.0,-0.1654868290403598
2020,CT,296,9009.0,0.46824324324324323
2020,DE,99,3198.0,0.49696969696969695
2020,FL,2157,34589.0,0.246703041974252
2020,GA,3908,103519.0,0.40752302968270215
2020,IA,4696,161062.0,0.5276569256978115
2020,ID,7288,-22826.0,-0.048184581609389515
2020,IL,4293,153172.0,0.5489150495439804
2020,IN,2890,106062.0,0.5646100612190578
2020,KS,6085,78464.0,0.19837936919284496
2020,KY,2956,115106.0,0.5990735921723743
2020,LA,2052,45875.0,0.3439421202579097
2020,MA,564,19056.0,0.5198036006546645
2020,MD,651,16899.0,0.39936192839418644
2020,ME,3086,106285.0,0.5298619073732489
2020,MI,5840,142185.0,0.3745653319283456
2020,MN,8362,241484.0,0.4442882637572903
2020,MO,5703,192223.0,0.5185475930347051
2020,MS,3170,94889.0,0.46051443824314486
2020,MT,15182,-38570.0,-0.039084746106218905
2020,NC,3023,88414.0,0.4499554696048246
2020,ND,7469,94427.0,0.19450034501580893
2020,NE,6510,109436.0,0.2586222379770767
2020,NH,854,34417.0,0.6200144118176905
2020,NJ,455,11058.0,0.3738968723584108
2020,NM,8636,-198897.0,-0.3543253643068372
2020,NV,8966,-286055.0,-0.49083717977316016
2020,NY,4390,171173.0,0.5998703346767128
2020,OH,3463,125096.0,0.5557475732468513
2020,OK,5096,73442.0,0.22171839149861128
2020,OR,9064,-51008.0,-0.08657750016973317
2020,PA,3875,145844.0,0.5790332506203474
2020,RI,68,1936.0,0.43800904977375565
2020,SC,1964,52221.0,0.40906313645621184
2020,SD,7571,96889.0,0.19688284242504292
2020,TN,3387,122848.0,0.5580068588040245
2020,TX,17462,-11419.0,-0.010060527034527722
2020,UT,6876,-160570.0,-0.35926522575737235
2020,VA,3112,110376.0,0.5456594819062686
2020,VT,1038,42734.0,0.6333777975396473
2020,WA,7312,48789.0,0.10265317286652079
2020,WI,5681,184381.0,0.49931891730870787
2020,WV,2204,92986.0,0.6490716180371353
2020,WY,8974,-146114.0,-0.250491162503643
2021,AL,3029,92946.0,0.4720826878634736
2021,AR,3492,104665.0,0.4611199224601287
2021,AZ,7931,-169221.0,-0.32825620980960785
2021,CA,10554,-144833.0,-0.2111237445518287
2021,CO,7861,-34928.0,-0.06835693247091289
2021,CT,301,9537.0,0.48745208280092
2021,DE,100,3469.0,0.5336923076923077
2021,FL,2132,34788.0,0.251031894934334
2021,GA,3917,107661.0,0.4228550107028534
2021,IA,4686,182439.0,0.5989658229094849
2021,ID,7334,-43463.0,-0.09117283044198779
2021,IL,4326,166568.0,0.5923681496497031
2021,IN,2876,112323.0,0.6008505402803038
2021,KS,6052,74675.0,0.18982917281000558
2021,KY,2949,114014.0,0.5947987583796333
2021,LA,2078,43189.0,0.31975272081143113
2021,MA,575,19139.0,0.5120802675585284
2021,MD,642,18170.0,0.435418164390127
2021,ME,3053,103823.0,0.5231827458489758
2021,MI,5792,151620.0,0.4027305567360816
2021,MN,8349,223351.0,0.41156656255470486
2021,MO,5674,195913.0,0.531203058485399
2021,MS,3157,96159.0,0.46859969298993687
2021,MT,15240,-134828.0,-0.13610740965071674
2021,NC,2980,91890.0,0.4743933918430563
2021,ND,7531,48047.0,0.0981522527399569
2021,NE,6522,115101.0,0.2715094473144151
2021,NH,850,32787.0,0.5934298642533936
2021,NJ,446,11589.0,0.39975853742669887
2021,NM,8618,-126092.0,-0.22509595301426352
2021,NV,8944,-296873.0,-0.5106526076785468
2021,NY,4329,167212.0,0.5942463173232404
2021,OH,3445,132571.0,0.5920330467790554
2021,OK,5088,80653.0,0.24387094823415578
2021,OR,9075,-69446.0,-0.11773002754820937
2021,PA,3909,150144.0,0.5909203612964166
2021,RI,63,1961.0,0.4788766788766789
2021,SC,2010,54160.0,0.41454267125908917
2021,SD,7559,46176.0,0.09398068527583013
2021,TN,3406,125245.0,0.5657211256154298
2021,TX,17371,94159.0,0.08339185999654597
2021,UT,6874,-162547.0,-0.3637944540184866
2021,VA,3180,115242.0,0.5575326560232221
2021,VT,1028,40270.0,0.6026638730918886
2021,WA,7339,36605.0,0.07673441152116721
2021,WI,5630,183312.0,0.5009208908320809
2021,WV,2214,94319.0,0.6554026822319505
2021,WY,8992,-144671.0,-0.24752087325485903
2022,AL,3070,93933.0,0.4707241292909045
2022,AR,3548,106962.0,0.46380192524499175
2022,AZ,7925,-172701.0,-0.33526037369570494
2022,CA,10599,-147753.0,-0.21446580591782968
2022,CO,7860,-59170.0,-0.11581522802896849
2022,CT,300,9712.0,0.4980512820512821
2022,DE,106,3549.0,0.5150943396226415
2022,FL,2146,33151.0,0.2376586135206825
2022,GA,3937,108312.0,0.4232508157324007
2022,IA,4743,169869.0,0.550994988566146
2022,ID,7292,-19124.0,-0.040347693995527234
2022,IL,4312,169784.0,0.6057656629085201
2022,IN,2860,105545.0,0.5677514792899409
2022,KS,6080,33058.0,0.08364878542510122
2022,KY,2927,117896.0,0.6196735959633124
2022,LA,2058,48957.0,0.3659789190401435
2022,MA,555,19846.0,0.5501316701316701
2022,MD,653,18558.0,0.43722464365649666
2022,ME,3101,109227.0,0.5418946741745839
2022,MI,5807,151325.0,0.400908717595475
2022,MN,8340,235841.0,0.43505072864785094
2022,MO,5708,194412.0,0.5239933157242197
2022,MS,3144,95278.0,0.4662262673713055
2022,MT,15230,-83433.0,-0.08428001414212839
2022,NC,3014,90103.0,0.45992037159920374
2022,ND,7512,101117.0,0.20708814614565413
2022,NE,6496,63065.0,0.14935818491852976
2022,NH,861,34834.0,0.622424729741803
2022,NJ,448,10389.0,0.3567651098901099
2022,NM,8642,-151597.0,-0.26987520694995815
2022,NV,8999,-293512.0,-0.5017856684930804
2022,NY,4354,165962.0,0.5864174410798205
2022,OH,3450,128520.0,0.5731103678929765
2022,OK,5115,50900.0,0.15309421761034664
2022,OR,9136,-48347.0,-0.08141418563922942
2022,PA,3876,148061.0,0.5876835754544733
2022,RI,70,2193.0,0.481978021978022
2022,SC,1998,51863.0,0.39934549934549934
2022,SD,7544,48225.0,0.09834611305979281
2022,TN,3374,126091.0,0.5749441429939355
2022,TX,17374,-39250.0,-0.03475573580327811
2022,UT,6869,-161971.0,-0.36276918597489277
2022,VA,3109,110346.0,0.5460375584531262
2022,VT,1020,41747.0,0.6296681749622927
2022,WA,7345,56017.0,0.11733151803948264
2022,WI,5607,183212.0,0.5027012937125297
2022,WV,2224,93512.0,0.6468732706142778
2022,WY,8988,-137808.0,-0.2358837424257985
2023,AL,2998,88322.0,0.4532354903268846
2023,AR,3532,106872.0,0.46551093300810176
2023,AZ,7900,-192341.0,-0.3745686465433301
2023,CA,10537,-103640.0,-0.15132025609391084
2023,CO,7904,-20360.0,-0.03962939894113983
2023,CT,282,8486.0,0.4629569012547736
2023,DE,107,3745.0,0.5384615384615384
2023,FL,2172,34538.0,0.2446380507153988
2023,GA,3926,108201.0,0.4240017242054939
2023,IA,4687,179692.0,0.589821273243505
2023,ID,7304,-9238.0,-0.01945825259078271
2023,IL,4318,166650.0,0.5937577938504294
2023,IN,2882,117007.0,0.624603640634175
2023,KS,6116,74050.0,0.1862705639684057
2023,KY,2957,119167.0,0.6199994797221716
2023,LA,2064,44961.0,0.33512969588550984
2023,MA,564,17169.0,0.4683306055646481
2023,MD,632,16729.0,0.40722979552093475
2023,ME,3080,100787.0,0.5034315684315684
2023,MI,5800,152927.0,0.40564190981432363
2023,MN,8387,239115.0,0.43861837459071273
2023,MO,5694,186717.0,0.5044905568614736
2023,MS,3160,92077.0,0.4482814021421616
2023,MT,15326,-24271.0,-0.024363826177737177
2023,NC,2993,88380.0,0.45429078105322673
2023,ND,7549,113296.0,0.23089354677644516
2023,NE,6506,118613.0,0.2804819220128166
2023,NH,872,31857.0,0.5620501058574453
2023,NJ,455,10417.0,0.3522231614539307
2023,NM,8608,-191202.0,-0.3417250500428939
2023,NV,8914,-242454.0,-0.4184498023851849
2023,NY,4354,162205.0,0.5731422917918094
2023,OH,3437,136971.0,0.6131062420268123
2023,OK,5111,70471.0,0.21212467829568202
2023,OR,9107,-42902.0,-0.07247510368186771
2023,PA,3865,147142.0,0.5856980794108867
2023,RI,69,1959.0,0.4367892976588629
2023,SC,1956,49919.0,0.3926301714645273
2023,SD,7588,101960.0,0.20672316613276023
2023,TN,3396,125400.0,0.5680891546615928
2023,TX,17333,-38308.0,-0.03400183731343946
2023,UT,6863,-133615.0,-0.2995214023918672
2023,VA,3171,111600.0,0.5414453096572301
2023,VT,1026,39068.0,0.5858149647623332
2023,WA,7327,39235.0,0.08238233719331031
2023,WI,5650,180265.0,0.49085091899251193
2023,WV,2208,94338.0,0.6573160535117056
2023,WY,8963,-81397.0,-0.13971455299135763
2024,AL,3047,91121.0,0.4600792709095958
2024,AR,3492,102776.0,0.45279760331306723
2024,AZ,7925,-189985.0,-0.36881339480708564
2024,CA,10624,-110859.0,-0.1605349281742354
2024,CO,7954,-57885.0,-0.11196108392487573
2024,CT,296,10212.0,0.5307692307692308
2024,DE,109,3821.0,0.5393083980239943
2024,FL,2156,35813.0,0.25555159126587695
2024,GA,3919,106129.0,0.4166251202229768
2024,IA,4681,175961.0,0.5783149557129476
2024,ID,7316,-24965.0,-0.05249821255835471
2024,IL,4285,157002.0,0.5636908715555157
2024,IN,2869,107231.0,0.5750113950183661
2024,KS,6078,63047.0,0.1595843774520971
2024,KY,2952,110562.0,0.5762038774233896
2024,LA,2080,48763.0,0.36067307692307693
2024,MA,565,21195.0,0.5771272974812798
2024,MD,647,16277.0,0.3870407799310427
2024,ME,3098,114332.0,0.5677707702239658
2024,MI,5755,162387.0,0.43410278687428994
2024,MN,8342,233403.0,0.4304501779687586
2024,MO,5725,190594.0,0.5121773597581458
2024,MS,3143,90867.0,0.44478327908172005
2024,MT,15249,-73457.0,-0.07411028213703799
2024,NC,3021,86263.0,0.4392992641254806
2024,ND,7557,129647.0,0.26393664559603425
2024,NE,6490,104779.0,0.24837975583738295
2024,NH,864,36084.0,0.6425213675213676
2024,NJ,454,10877.0,0.36858691968824125
2024,NM,8611,-186869.0,-0.33386455606871357
2024,NV,9035,-276578.0,-0.4709514282065472
2024,NY,4386,166782.0,0.5850152583394718
2024,OH,3454,121701.0,0.5420738497171618
2024,OK,5106,60640.0,0.18271113923287835
2024,OR,9088,-53591.0,-0.09072149241603467
2024,PA,3901,140622.0,0.5545796935696962
2024,RI,74,2568.0,0.5338877338877339
2024,SC,1971,51164.0,0.39935995004488156
2024,SD,7576,82552.0,0.16763869710015433
2024,TN,3398,115618.0,0.5234662923891882
2024,TX,17436,312.0,0.0002752924982794219
2024,UT,6931,-155041.0,-0.34414170449374604
2024,VA,3100,104649.0,0.5193498759305211
2024,VT,1031,42515.0,0.6344102066701485
2024,WA,7318,51915.0,0.10914079088443669
2024,WI,5683,184112.0,0.4984149758388717
2024,WV,2205,88590.0,0.6181057038199895
2024,WY,9022,-141400.0,-0.2411199972716266
